id,field_resource_type,field_subject_name,field_cataloger,field_color_mode,field_contact_info,field_digitized_by,field_extent_archival,field_form,field_form_uri,field_form_authuri,field_genre,field_identifier,field_internet_media_type,field_location_url,field_name_info,field_name_role_name,field_record_change_date,field_record_created,field_record_origin,field_rights_information,field_rights_statement,field_role_1,field_role_2,field_test_attribute,title,field_url_repo_guide,field_image_bit_depth,field_rights_statement_uri,file,parent_id,field_weight,field_member_of,field_access_terms,field_model
lsu-moa-cwd:collection,,,,,,,,,,,lsu-moa-cwd,,,,"Louisiana State University (Baton Rouge, La.). Museum of Art",Repository,,,,,,marcrelator,Caroline Wogan Durieux Works of Art,,,,,,,islandora:root,,,,collectionCModel
lsu-moa-cwd:100,22,"Durieux, Caroline, 1896-1989",,Color,E-mail artmuseum@lsu.edu with questions or comments,JC,1:01,,,,68.9.75,68.9.75,image/jp2,"LSU Museum of Art, Shaw Center for the Arts, Baton Rouge, LA","Louisiana State University (Baton Rouge, La.). Museum of Art",Repository,11/14/2018,8/13/2004,1952,Physical rights are retained by the Louisiana State University Museum of Art. Copyright is retained in accordance with U. S. copyright laws.,,art,Artist,marcrelator,Art piece 1,http://www.lib.lsu.edu/sites/default/files/sc/findaid/d3827.html,36 Bit-depth,,Data/lsu-moa-cwd_100_OBJ.png,lsu-moa-cwd:collection,902,sp_large_image_cmodel,,sp_large_image_cmodel
lsu-moa-cwd:101,22,"Durieux, Caroline, 1896-1989",,Color,E-mail artmuseum@lsu.edu with questions or comments,PA,1:01,,,,68.9.76,68.9.76,image/jp2,"LSU Museum of Art, Shaw Center for the Arts, Baton Rouge, LA","Louisiana State University (Baton Rouge, La.). Museum of Art",Repository,11/14/2018,8/13/2004,1953,Physical rights are retained by the Louisiana State University Museum of Art. Copyright is retained in accordance with U. S. copyright laws.,,art,Artist,marcrelator,Art piece 2,http://www.lib.lsu.edu/sites/default/files/sc/findaid/d3827.html,36 Bit-depth,,Data/lsu-moa-cwd_101_OBJ.png,lsu-moa-cwd:collection,902,sp_large_image_cmodel,,sp_large_image_cmodel
lsu-moa-cwd:102,22,"Durieux, Caroline, 1896-1989",,Color,E-mail artmuseum@lsu.edu with questions or comments,JC,1:01,,,,68.9.77,68.9.77,image/jp2,"LSU Museum of Art, Shaw Center for the Arts, Baton Rouge, LA","Louisiana State University (Baton Rouge, La.). Museum of Art",Repository,11/14/2018,8/13/2004,1954,Physical rights are retained by the Louisiana State University Museum of Art. Copyright is retained in accordance with U. S. copyright laws.,,art,Artist,marcrelator,Art piece 3,http://www.lib.lsu.edu/sites/default/files/sc/findaid/d3827.html,36 Bit-depth,,Data/lsu-moa-cwd_102_OBJ.png,lsu-moa-cwd:collection,902,sp_large_image_cmodel,,sp_large_image_cmodel
lsu-moa-cwd:103,22,"Durieux, Caroline, 1896-1989",,Color,E-mail artmuseum@lsu.edu with questions or comments,PA,1:01,,,,68.9.78,68.9.78,image/jp2,"LSU Museum of Art, Shaw Center for the Arts, Baton Rouge, LA","Louisiana State University (Baton Rouge, La.). Museum of Art",Repository,11/14/2018,8/13/2004,1955,Physical rights are retained by the Louisiana State University Museum of Art. Copyright is retained in accordance with U. S. copyright laws.,,art,Artist,marcrelator,Art piece 4,http://www.lib.lsu.edu/sites/default/files/sc/findaid/d3827.html,36 Bit-depth,,Data/lsu-moa-cwd_103_OBJ.png,lsu-moa-cwd:collection,902,sp_large_image_cmodel,,sp_large_image_cmodel
lsu-moa-cwd:104,22,"Durieux, Caroline, 1896-1989",,Color,E-mail artmuseum@lsu.edu with questions or comments,JC,1:01,,,,68.9.79,68.9.79,image/jp2,"LSU Museum of Art, Shaw Center for the Arts, Baton Rouge, LA","Louisiana State University (Baton Rouge, La.). Museum of Art",Repository,11/14/2018,8/13/2004,1956,Physical rights are retained by the Louisiana State University Museum of Art. Copyright is retained in accordance with U. S. copyright laws.,,art,Artist,marcrelator,Art piece 5,http://www.lib.lsu.edu/sites/default/files/sc/findaid/d3827.html,36 Bit-depth,,Data/lsu-moa-cwd_104_OBJ.png,lsu-moa-cwd:collection,902,sp_large_image_cmodel,,sp_large_image_cmodel
lsu-moa-cwd:105,22,"Durieux, Caroline, 1896-1989",,Color,E-mail artmuseum@lsu.edu with questions or comments,,1:01,,,,68.9.80,68.9.80,image/jp2,"LSU Museum of Art, Shaw Center for the Arts, Baton Rouge, LA","Louisiana State University (Baton Rouge, La.). Museum of Art",Repository,11/14/2018,8/13/2004,1957,Physical rights are retained by the Louisiana State University Museum of Art. Copyright is retained in accordance with U. S. copyright laws.,,art,Artist,marcrelator,Art piece 6,http://www.lib.lsu.edu/sites/default/files/sc/findaid/d3827.html,36 Bit-depth,,Data/lsu-moa-cwd_105_OBJ.png,lsu-moa-cwd:collection,902,sp_large_image_cmodel,,sp_large_image_cmodel
lsu-moa-cwd:106,22,"Durieux, Caroline, 1896-1989",,Color,E-mail artmuseum@lsu.edu with questions or comments,,1:01,,,,68.9.81,68.9.81,image/jp2,"LSU Museum of Art, Shaw Center for the Arts, Baton Rouge, LA","Louisiana State University (Baton Rouge, La.). Museum of Art",Repository,11/14/2018,8/13/2004,1958,Physical rights are retained by the Louisiana State University Museum of Art. Copyright is retained in accordance with U. S. copyright laws.,,art,Artist,marcrelator,Art piece 7,http://www.lib.lsu.edu/sites/default/files/sc/findaid/d3827.html,36 Bit-depth,,Data/lsu-moa-cwd_106_OBJ.png,lsu-moa-cwd:collection,902,sp_large_image_cmodel,,sp_large_image_cmodel
lsu-moa-cwd:107,22,"Durieux, Caroline, 1896-1989",,Color,E-mail artmuseum@lsu.edu with questions or comments,,1:01,,,,68.9.82,68.9.82,image/jp2,"LSU Museum of Art, Shaw Center for the Arts, Baton Rouge, LA","Louisiana State University (Baton Rouge, La.). Museum of Art",Repository,11/14/2018,8/13/2004,1959,Physical rights are retained by the Louisiana State University Museum of Art. Copyright is retained in accordance with U. S. copyright laws.,,art,Artist,marcrelator,Art piece 8,http://www.lib.lsu.edu/sites/default/files/sc/findaid/d3827.html,36 Bit-depth,,Data/lsu-moa-cwd_107_OBJ.png,lsu-moa-cwd:collection,902,sp_large_image_cmodel,,sp_large_image_cmodel
lsu-moa-cwd:108,22,"Durieux, Caroline, 1896-1989",,Color,E-mail artmuseum@lsu.edu with questions or comments,PA,1:01,,,,68.9.83,68.9.83,image/jp2,"LSU Museum of Art, Shaw Center for the Arts, Baton Rouge, LA","Louisiana State University (Baton Rouge, La.). Museum of Art",Repository,11/14/2018,8/13/2004,19510,Physical rights are retained by the Louisiana State University Museum of Art. Copyright is retained in accordance with U. S. copyright laws.,,art,Artist,marcrelator,Art piece 9,http://www.lib.lsu.edu/sites/default/files/sc/findaid/d3827.html,36 Bit-depth,,Data/lsu-moa-cwd_108_OBJ.png,lsu-moa-cwd:collection,902,sp_large_image_cmodel,,sp_large_image_cmodel
lsu-moa-cwd:109,22,"Durieux, Caroline, 1896-1989",,Color,E-mail artmuseum@lsu.edu with questions or comments,JC,1:01,,,,68.9.84,68.9.84,image/jp2,"LSU Museum of Art, Shaw Center for the Arts, Baton Rouge, LA","Louisiana State University (Baton Rouge, La.). Museum of Art",Repository,11/14/2018,8/13/2004,19511,Physical rights are retained by the Louisiana State University Museum of Art. Copyright is retained in accordance with U. S. copyright laws.,,art,Artist,marcrelator,Art piece 10,http://www.lib.lsu.edu/sites/default/files/sc/findaid/d3827.html,36 Bit-depth,,Data/lsu-moa-cwd_109_OBJ.png,lsu-moa-cwd:collection,902,sp_large_image_cmodel,,sp_large_image_cmodel
lsu-moa-cwd:110,22,"Durieux, Caroline, 1896-1989",,Color,E-mail artmuseum@lsu.edu with questions or comments,,1:01,,,,68.9.85,68.9.85,image/jp2,"LSU Museum of Art, Shaw Center for the Arts, Baton Rouge, LA","Louisiana State University (Baton Rouge, La.). Museum of Art",Repository,11/14/2018,8/13/2004,1952,Physical rights are retained by the Louisiana State University Museum of Art. Copyright is retained in accordance with U. S. copyright laws.,,art,Artist,marcrelator,Art piece 11,http://www.lib.lsu.edu/sites/default/files/sc/findaid/d3827.html,36 Bit-depth,,Data/lsu-moa-cwd_110_OBJ.png,lsu-moa-cwd:collection,902,sp_large_image_cmodel,,sp_large_image_cmodel
lsu-moa-cwd:111,22,"Durieux, Caroline, 1896-1989",,Color,E-mail artmuseum@lsu.edu with questions or comments,PA,1:01,,,,68.9.86,68.9.86,image/jp2,"LSU Museum of Art, Shaw Center for the Arts, Baton Rouge, LA","Louisiana State University (Baton Rouge, La.). Museum of Art",Repository,11/14/2018,8/13/2004,1953,Physical rights are retained by the Louisiana State University Museum of Art. Copyright is retained in accordance with U. S. copyright laws.,,art,Artist,marcrelator,Art piece 12,http://www.lib.lsu.edu/sites/default/files/sc/findaid/d3827.html,36 Bit-depth,,Data/lsu-moa-cwd_111_OBJ.png,lsu-moa-cwd:collection,902,sp_large_image_cmodel,,sp_large_image_cmodel
lsu-moa-cwd:112,22,"Durieux, Caroline, 1896-1989",,Color,E-mail artmuseum@lsu.edu with questions or comments,PA,1:01,,,,68.9.87,68.9.87,image/jp2,"LSU Museum of Art, Shaw Center for the Arts, Baton Rouge, LA","Louisiana State University (Baton Rouge, La.). Museum of Art",Repository,11/14/2018,8/13/2004,1954,Physical rights are retained by the Louisiana State University Museum of Art. Copyright is retained in accordance with U. S. copyright laws.,,art,Artist,marcrelator,Art piece 13,http://www.lib.lsu.edu/sites/default/files/sc/findaid/d3827.html,36 Bit-depth,,Data/lsu-moa-cwd_112_OBJ.png,lsu-moa-cwd:collection,902,sp_large_image_cmodel,,sp_large_image_cmodel
lsu-moa-cwd:113,22,"Durieux, Caroline, 1896-1989",,Color,E-mail artmuseum@lsu.edu with questions or comments,PA,1:01,,,,68.9.88,68.9.88,image/jp2,"LSU Museum of Art, Shaw Center for the Arts, Baton Rouge, LA","Louisiana State University (Baton Rouge, La.). Museum of Art",Repository,11/14/2018,8/13/2004,1955,Physical rights are retained by the Louisiana State University Museum of Art. Copyright is retained in accordance with U. S. copyright laws.,,art,Artist,marcrelator,Art piece 14,http://www.lib.lsu.edu/sites/default/files/sc/findaid/d3827.html,36 Bit-depth,,Data/lsu-moa-cwd_113_OBJ.png,lsu-moa-cwd:collection,902,sp_large_image_cmodel,,sp_large_image_cmodel
lsu-moa-cwd:114,22,"Durieux, Caroline, 1896-1989",,Color,E-mail artmuseum@lsu.edu with questions or comments,PA,1:01,,,,68.9.89,68.9.89,image/jp2,"LSU Museum of Art, Shaw Center for the Arts, Baton Rouge, LA","Louisiana State University (Baton Rouge, La.). Museum of Art",Repository,11/14/2018,8/13/2004,1956,Physical rights are retained by the Louisiana State University Museum of Art. Copyright is retained in accordance with U. S. copyright laws.,,art,Artist,marcrelator,Art piece 15,http://www.lib.lsu.edu/sites/default/files/sc/findaid/d3827.html,36 Bit-depth,,Data/lsu-moa-cwd_114_OBJ.png,lsu-moa-cwd:collection,902,sp_large_image_cmodel,,sp_large_image_cmodel
lsu-moa-cwd:115,22,"Durieux, Caroline, 1896-1989",,Color,E-mail artmuseum@lsu.edu with questions or comments,PA,1:01,,,,68.9.90,68.9.90,image/jp2,"LSU Museum of Art, Shaw Center for the Arts, Baton Rouge, LA","Louisiana State University (Baton Rouge, La.). Museum of Art",Repository,11/14/2018,8/13/2004,1957,Physical rights are retained by the Louisiana State University Museum of Art. Copyright is retained in accordance with U. S. copyright laws.,,art,Artist,marcrelator,Art piece 16,http://www.lib.lsu.edu/sites/default/files/sc/findaid/d3827.html,36 Bit-depth,,Data/lsu-moa-cwd_115_OBJ.png,lsu-moa-cwd:collection,902,sp_large_image_cmodel,,sp_large_image_cmodel
lsu-moa-cwd:116,22,"Durieux, Caroline, 1896-1989",,Color,E-mail artmuseum@lsu.edu with questions or comments,,1:01,,,,68.9.91,68.9.91,image/jp2,"LSU Museum of Art, Shaw Center for the Arts, Baton Rouge, LA","Louisiana State University (Baton Rouge, La.). Museum of Art",Repository,11/14/2018,8/13/2004,1958,Physical rights are retained by the Louisiana State University Museum of Art. Copyright is retained in accordance with U. S. copyright laws.,,art,Artist,marcrelator,Art piece 17,http://www.lib.lsu.edu/sites/default/files/sc/findaid/d3827.html,36 Bit-depth,,Data/lsu-moa-cwd_116_OBJ.png,lsu-moa-cwd:collection,902,sp_large_image_cmodel,,sp_large_image_cmodel
lsu-moa-cwd:117,22,"Durieux, Caroline, 1896-1989",,Color,E-mail artmuseum@lsu.edu with questions or comments,,1:01,,,,68.9.92,68.9.92,image/jp2,"LSU Museum of Art, Shaw Center for the Arts, Baton Rouge, LA","Louisiana State University (Baton Rouge, La.). Museum of Art",Repository,11/14/2018,8/13/2004,1959,Physical rights are retained by the Louisiana State University Museum of Art. Copyright is retained in accordance with U. S. copyright laws.,,art,Artist,marcrelator,Art piece 18,http://www.lib.lsu.edu/sites/default/files/sc/findaid/d3827.html,36 Bit-depth,,Data/lsu-moa-cwd_117_OBJ.png,lsu-moa-cwd:collection,902,sp_large_image_cmodel,,sp_large_image_cmodel
lsu-moa-cwd:118,22,"Durieux, Caroline, 1896-1989",,Color,E-mail artmuseum@lsu.edu with questions or comments,PA,1:01,,,,68.9.93,68.9.93,image/jp2,"LSU Museum of Art, Shaw Center for the Arts, Baton Rouge, LA","Louisiana State University (Baton Rouge, La.). Museum of Art",Repository,11/14/2018,8/13/2004,19510,Physical rights are retained by the Louisiana State University Museum of Art. Copyright is retained in accordance with U. S. copyright laws.,,art,Artist,marcrelator,Art piece 19,http://www.lib.lsu.edu/sites/default/files/sc/findaid/d3827.html,36 Bit-depth,,Data/lsu-moa-cwd_118_OBJ.png,lsu-moa-cwd:collection,902,sp_large_image_cmodel,,sp_large_image_cmodel
lsu-moa-cwd:119,22,"Durieux, Caroline, 1896-1989",,Color,E-mail artmuseum@lsu.edu with questions or comments,,1:01,,,,68.9.94,68.9.94,image/jp2,"LSU Museum of Art, Shaw Center for the Arts, Baton Rouge, LA","Louisiana State University (Baton Rouge, La.). Museum of Art",Repository,11/14/2018,8/13/2004,19511,Physical rights are retained by the Louisiana State University Museum of Art. Copyright is retained in accordance with U. S. copyright laws.,,art,Artist,marcrelator,Art piece 20,http://www.lib.lsu.edu/sites/default/files/sc/findaid/d3827.html,36 Bit-depth,,Data/lsu-moa-cwd_119_OBJ.png,lsu-moa-cwd:collection,902,sp_large_image_cmodel,,sp_large_image_cmodel
lsu-moa-cwd:120,22,"Durieux, Caroline, 1896-1989",,Color,E-mail artmuseum@lsu.edu with questions or comments,PA,1:01,,,,68.9.95,68.9.95,image/jp2,"LSU Museum of Art, Shaw Center for the Arts, Baton Rouge, LA","Louisiana State University (Baton Rouge, La.). Museum of Art",Repository,11/14/2018,8/13/2004,1952,Physical rights are retained by the Louisiana State University Museum of Art. Copyright is retained in accordance with U. S. copyright laws.,,art,Artist,marcrelator,Art piece 21,http://www.lib.lsu.edu/sites/default/files/sc/findaid/d3827.html,36 Bit-depth,,Data/lsu-moa-cwd_120_OBJ.png,lsu-moa-cwd:collection,902,sp_large_image_cmodel,,sp_large_image_cmodel
lsu-moa-cwd:121,22,"Durieux, Caroline, 1896-1989",,Color,E-mail artmuseum@lsu.edu with questions or comments,PA,1:01,,,,68.9.96,68.9.96,image/jp2,"LSU Museum of Art, Shaw Center for the Arts, Baton Rouge, LA","Louisiana State University (Baton Rouge, La.). Museum of Art",Repository,11/14/2018,8/13/2004,1953,Physical rights are retained by the Louisiana State University Museum of Art. Copyright is retained in accordance with U. S. copyright laws.,,art,Artist,marcrelator,Art piece 22,http://www.lib.lsu.edu/sites/default/files/sc/findaid/d3827.html,36 Bit-depth,,Data/lsu-moa-cwd_121_OBJ.png,lsu-moa-cwd:collection,902,sp_large_image_cmodel,,sp_large_image_cmodel
lsu-moa-cwd:122,22,"Durieux, Caroline, 1896-1989",,Color,E-mail artmuseum@lsu.edu with questions or comments,JC,1:01,,,,68.9.97,68.9.97,image/jp2,"LSU Museum of Art, Shaw Center for the Arts, Baton Rouge, LA","Louisiana State University (Baton Rouge, La.). Museum of Art",Repository,11/14/2018,8/13/2004,1954,Physical rights are retained by the Louisiana State University Museum of Art. Copyright is retained in accordance with U. S. copyright laws.,,art,Artist,marcrelator,Art piece 23,http://www.lib.lsu.edu/sites/default/files/sc/findaid/d3827.html,36 Bit-depth,,Data/lsu-moa-cwd_122_OBJ.png,lsu-moa-cwd:collection,902,sp_large_image_cmodel,,sp_large_image_cmodel
lsu-moa-cwd:123,22,"Durieux, Caroline, 1896-1989",,Color,E-mail artmuseum@lsu.edu with questions or comments,JC,1:01,,,,68.9.98,68.9.98,image/jp2,"LSU Museum of Art, Shaw Center for the Arts, Baton Rouge, LA","Louisiana State University (Baton Rouge, La.). Museum of Art",Repository,11/14/2018,8/13/2004,1955,Physical rights are retained by the Louisiana State University Museum of Art. Copyright is retained in accordance with U. S. copyright laws.,,art,Artist,marcrelator,Art piece 24,http://www.lib.lsu.edu/sites/default/files/sc/findaid/d3827.html,36 Bit-depth,,Data/lsu-moa-cwd_123_OBJ.png,lsu-moa-cwd:collection,902,sp_large_image_cmodel,,sp_large_image_cmodel
lsu-moa-cwd:124,22,"Durieux, Caroline, 1896-1989",,Color,E-mail artmuseum@lsu.edu with questions or comments,,1:01,,,,68.9.99,68.9.99,image/jp2,"LSU Museum of Art, Shaw Center for the Arts, Baton Rouge, LA","Louisiana State University (Baton Rouge, La.). Museum of Art",Repository,11/14/2018,8/13/2004,1956,Physical rights are retained by the Louisiana State University Museum of Art. Copyright is retained in accordance with U. S. copyright laws.,,art,Artist,marcrelator,Art piece 25,http://www.lib.lsu.edu/sites/default/files/sc/findaid/d3827.html,36 Bit-depth,,Data/lsu-moa-cwd_124_OBJ.png,lsu-moa-cwd:collection,902,sp_large_image_cmodel,,sp_large_image_cmodel
lsu-moa-cwd:125,22,"Durieux, Caroline, 1896-1989",,Color,E-mail artmuseum@lsu.edu with questions or comments,,1:01,,,,68.9.100,68.9.100,image/jp2,"LSU Museum of Art, Shaw Center for the Arts, Baton Rouge, LA","Louisiana State University (Baton Rouge, La.). Museum of Art",Repository,11/14/2018,8/13/2004,1957,Physical rights are retained by the Louisiana State University Museum of Art. Copyright is retained in accordance with U. S. copyright laws.,,art,Artist,marcrelator,Art piece 26,http://www.lib.lsu.edu/sites/default/files/sc/findaid/d3827.html,36 Bit-depth,,Data/lsu-moa-cwd_125_OBJ.png,lsu-moa-cwd:collection,902,sp_large_image_cmodel,,sp_large_image_cmodel
lsu-moa-cwd:126,22,"Durieux, Caroline, 1896-1989",,Color,E-mail artmuseum@lsu.edu with questions or comments,,1:01,,,,68.9.101,68.9.101,image/jp2,"LSU Museum of Art, Shaw Center for the Arts, Baton Rouge, LA","Louisiana State University (Baton Rouge, La.). Museum of Art",Repository,11/14/2018,8/13/2004,1958,Physical rights are retained by the Louisiana State University Museum of Art. Copyright is retained in accordance with U. S. copyright laws.,,art,Artist,marcrelator,Art piece 27,http://www.lib.lsu.edu/sites/default/files/sc/findaid/d3827.html,36 Bit-depth,,Data/lsu-moa-cwd_126_OBJ.png,lsu-moa-cwd:collection,902,sp_large_image_cmodel,,sp_large_image_cmodel
lsu-moa-cwd:127,22,"Durieux, Caroline, 1896-1989",,Color,E-mail artmuseum@lsu.edu with questions or comments,JC,1:01,,,,68.9.102,68.9.102,image/jp2,"LSU Museum of Art, Shaw Center for the Arts, Baton Rouge, LA","Louisiana State University (Baton Rouge, La.). Museum of Art",Repository,11/14/2018,8/13/2004,1959,Physical rights are retained by the Louisiana State University Museum of Art. Copyright is retained in accordance with U. S. copyright laws.,,art,Artist,marcrelator,Art piece 28,http://www.lib.lsu.edu/sites/default/files/sc/findaid/d3827.html,36 Bit-depth,,Data/lsu-moa-cwd_127_OBJ.png,lsu-moa-cwd:collection,902,sp_large_image_cmodel,,sp_large_image_cmodel
lsu-moa-cwd:128,22,"Durieux, Caroline, 1896-1989",,Color,E-mail artmuseum@lsu.edu with questions or comments,JC,1:01,,,,68.9.103,68.9.103,image/jp2,"LSU Museum of Art, Shaw Center for the Arts, Baton Rouge, LA","Louisiana State University (Baton Rouge, La.). Museum of Art",Repository,11/14/2018,8/13/2004,19510,Physical rights are retained by the Louisiana State University Museum of Art. Copyright is retained in accordance with U. S. copyright laws.,,art,Artist,marcrelator,Art piece 29,http://www.lib.lsu.edu/sites/default/files/sc/findaid/d3827.html,36 Bit-depth,,Data/lsu-moa-cwd_128_OBJ.png,lsu-moa-cwd:collection,902,sp_large_image_cmodel,,sp_large_image_cmodel
lsu-moa-cwd:129,22,"Durieux, Caroline, 1896-1989",,Color,E-mail artmuseum@lsu.edu with questions or comments,,1:01,,,,68.9.104,68.9.104,image/jp2,"LSU Museum of Art, Shaw Center for the Arts, Baton Rouge, LA","Louisiana State University (Baton Rouge, La.). Museum of Art",Repository,11/14/2018,8/13/2004,19511,Physical rights are retained by the Louisiana State University Museum of Art. Copyright is retained in accordance with U. S. copyright laws.,,art,Artist,marcrelator,Art piece 30,http://www.lib.lsu.edu/sites/default/files/sc/findaid/d3827.html,36 Bit-depth,,Data/lsu-moa-cwd_129_OBJ.png,lsu-moa-cwd:collection,902,sp_large_image_cmodel,,sp_large_image_cmodel
lsu-moa-cwd:130,22,"Durieux, Caroline, 1896-1989",,Color,E-mail artmuseum@lsu.edu with questions or comments,PA,1:01,,,,68.9.105,68.9.105,image/jp2,"LSU Museum of Art, Shaw Center for the Arts, Baton Rouge, LA","Louisiana State University (Baton Rouge, La.). Museum of Art",Repository,11/14/2018,8/13/2004,1952,Physical rights are retained by the Louisiana State University Museum of Art. Copyright is retained in accordance with U. S. copyright laws.,,art,Artist,marcrelator,Art piece 31,http://www.lib.lsu.edu/sites/default/files/sc/findaid/d3827.html,36 Bit-depth,,Data/lsu-moa-cwd_130_OBJ.png,lsu-moa-cwd:collection,902,sp_large_image_cmodel,,sp_large_image_cmodel
lsu-moa-cwd:131,22,"Durieux, Caroline, 1896-1989",,Color,E-mail artmuseum@lsu.edu with questions or comments,PA,1:01,,,,68.9.106,68.9.106,image/jp2,"LSU Museum of Art, Shaw Center for the Arts, Baton Rouge, LA","Louisiana State University (Baton Rouge, La.). Museum of Art",Repository,11/14/2018,8/13/2004,1953,Physical rights are retained by the Louisiana State University Museum of Art. Copyright is retained in accordance with U. S. copyright laws.,,art,Artist,marcrelator,Art piece 32,http://www.lib.lsu.edu/sites/default/files/sc/findaid/d3827.html,36 Bit-depth,,Data/lsu-moa-cwd_131_OBJ.png,lsu-moa-cwd:collection,902,sp_large_image_cmodel,,sp_large_image_cmodel
lsu-moa-cwd:132,22,"Durieux, Caroline, 1896-1989",,Color,E-mail artmuseum@lsu.edu with questions or comments,PA,1:01,,,,68.9.107,68.9.107,image/jp2,"LSU Museum of Art, Shaw Center for the Arts, Baton Rouge, LA","Louisiana State University (Baton Rouge, La.). Museum of Art",Repository,11/14/2018,8/13/2004,1954,Physical rights are retained by the Louisiana State University Museum of Art. Copyright is retained in accordance with U. S. copyright laws.,,art,Artist,marcrelator,Art piece 33,http://www.lib.lsu.edu/sites/default/files/sc/findaid/d3827.html,36 Bit-depth,,Data/lsu-moa-cwd_132_OBJ.png,lsu-moa-cwd:collection,902,sp_large_image_cmodel,,sp_large_image_cmodel
lsu-moa-cwd:133,22,"Durieux, Caroline, 1896-1989",,Color,E-mail artmuseum@lsu.edu with questions or comments,,1:01,,,,68.9.108,68.9.108,image/jp2,"LSU Museum of Art, Shaw Center for the Arts, Baton Rouge, LA","Louisiana State University (Baton Rouge, La.). Museum of Art",Repository,11/14/2018,8/13/2004,1955,Physical rights are retained by the Louisiana State University Museum of Art. Copyright is retained in accordance with U. S. copyright laws.,,art,Artist,marcrelator,Art piece 34,http://www.lib.lsu.edu/sites/default/files/sc/findaid/d3827.html,36 Bit-depth,,Data/lsu-moa-cwd_133_OBJ.png,lsu-moa-cwd:collection,902,sp_large_image_cmodel,,sp_large_image_cmodel
lsu-moa-cwd:134,22,"Durieux, Caroline, 1896-1989",,Color,E-mail artmuseum@lsu.edu with questions or comments,,1:01,,,,68.9.109,68.9.109,image/jp2,"LSU Museum of Art, Shaw Center for the Arts, Baton Rouge, LA","Louisiana State University (Baton Rouge, La.). Museum of Art",Repository,11/14/2018,8/13/2004,1956,Physical rights are retained by the Louisiana State University Museum of Art. Copyright is retained in accordance with U. S. copyright laws.,,art,Artist,marcrelator,Art piece 35,http://www.lib.lsu.edu/sites/default/files/sc/findaid/d3827.html,36 Bit-depth,,Data/lsu-moa-cwd_134_OBJ.png,lsu-moa-cwd:collection,902,sp_large_image_cmodel,,sp_large_image_cmodel
lsu-moa-cwd:135,22,"Durieux, Caroline, 1896-1989",,Color,E-mail artmuseum@lsu.edu with questions or comments,PA,1:01,,,,68.9.110,68.9.110,image/jp2,"LSU Museum of Art, Shaw Center for the Arts, Baton Rouge, LA","Louisiana State University (Baton Rouge, La.). Museum of Art",Repository,11/14/2018,8/13/2004,1957,Physical rights are retained by the Louisiana State University Museum of Art. Copyright is retained in accordance with U. S. copyright laws.,,art,Artist,marcrelator,Art piece 36,http://www.lib.lsu.edu/sites/default/files/sc/findaid/d3827.html,36 Bit-depth,,Data/lsu-moa-cwd_135_OBJ.png,lsu-moa-cwd:collection,902,sp_large_image_cmodel,,sp_large_image_cmodel
lsu-moa-cwd:136,22,"Durieux, Caroline, 1896-1989",,Color,E-mail artmuseum@lsu.edu with questions or comments,JC,1:01,,,,68.9.111,68.9.111,image/jp2,"LSU Museum of Art, Shaw Center for the Arts, Baton Rouge, LA","Louisiana State University (Baton Rouge, La.). Museum of Art",Repository,11/14/2018,8/13/2004,1958,Physical rights are retained by the Louisiana State University Museum of Art. Copyright is retained in accordance with U. S. copyright laws.,,art,Artist,marcrelator,Art piece 37,http://www.lib.lsu.edu/sites/default/files/sc/findaid/d3827.html,36 Bit-depth,,Data/lsu-moa-cwd_136_OBJ.png,lsu-moa-cwd:collection,902,sp_large_image_cmodel,,sp_large_image_cmodel
lsu-moa-cwd:137,22,"Durieux, Caroline, 1896-1989",,Color,E-mail artmuseum@lsu.edu with questions or comments,PA,1:01,,,,68.9.112,68.9.112,image/jp2,"LSU Museum of Art, Shaw Center for the Arts, Baton Rouge, LA","Louisiana State University (Baton Rouge, La.). Museum of Art",Repository,11/14/2018,8/13/2004,1959,Physical rights are retained by the Louisiana State University Museum of Art. Copyright is retained in accordance with U. S. copyright laws.,,art,Artist,marcrelator,Art piece 38,http://www.lib.lsu.edu/sites/default/files/sc/findaid/d3827.html,36 Bit-depth,,Data/lsu-moa-cwd_137_OBJ.png,lsu-moa-cwd:collection,902,sp_large_image_cmodel,,sp_large_image_cmodel
lsu-moa-cwd:138,22,"Durieux, Caroline, 1896-1989",,Color,E-mail artmuseum@lsu.edu with questions or comments,JC,1:01,,,,68.9.113,68.9.113,image/jp2,"LSU Museum of Art, Shaw Center for the Arts, Baton Rouge, LA","Louisiana State University (Baton Rouge, La.). Museum of Art",Repository,11/14/2018,8/13/2004,19510,Physical rights are retained by the Louisiana State University Museum of Art. Copyright is retained in accordance with U. S. copyright laws.,,art,Artist,marcrelator,Art piece 39,http://www.lib.lsu.edu/sites/default/files/sc/findaid/d3827.html,36 Bit-depth,,Data/lsu-moa-cwd_138_OBJ.png,lsu-moa-cwd:collection,902,sp_large_image_cmodel,,sp_large_image_cmodel
lsu-moa-cwd:139,22,"Durieux, Caroline, 1896-1989",,Color,E-mail artmuseum@lsu.edu with questions or comments,JC,1:01,,,,68.9.114,68.9.114,image/jp2,"LSU Museum of Art, Shaw Center for the Arts, Baton Rouge, LA","Louisiana State University (Baton Rouge, La.). Museum of Art",Repository,11/14/2018,8/13/2004,19511,Physical rights are retained by the Louisiana State University Museum of Art. Copyright is retained in accordance with U. S. copyright laws.,,art,Artist,marcrelator,Art piece 40,http://www.lib.lsu.edu/sites/default/files/sc/findaid/d3827.html,36 Bit-depth,,Data/lsu-moa-cwd_139_OBJ.png,lsu-moa-cwd:collection,902,sp_large_image_cmodel,,sp_large_image_cmodel
lsu-moa-cwd:140,22,"Durieux, Caroline, 1896-1989",,Color,E-mail artmuseum@lsu.edu with questions or comments,JC,1:01,,,,68.9.115,68.9.115,image/jp2,"LSU Museum of Art, Shaw Center for the Arts, Baton Rouge, LA","Louisiana State University (Baton Rouge, La.). Museum of Art",Repository,11/14/2018,8/13/2004,1952,Physical rights are retained by the Louisiana State University Museum of Art. Copyright is retained in accordance with U. S. copyright laws.,,art,Artist,marcrelator,Art piece 41,http://www.lib.lsu.edu/sites/default/files/sc/findaid/d3827.html,36 Bit-depth,,Data/lsu-moa-cwd_140_OBJ.png,lsu-moa-cwd:collection,902,sp_large_image_cmodel,,sp_large_image_cmodel
lsu-moa-cwd:141,22,"Durieux, Caroline, 1896-1989",,Color,E-mail artmuseum@lsu.edu with questions or comments,,1:01,,,,68.9.116,68.9.116,image/jp2,"LSU Museum of Art, Shaw Center for the Arts, Baton Rouge, LA","Louisiana State University (Baton Rouge, La.). Museum of Art",Repository,11/14/2018,8/13/2004,1953,Physical rights are retained by the Louisiana State University Museum of Art. Copyright is retained in accordance with U. S. copyright laws.,,art,Artist,marcrelator,Art piece 42,http://www.lib.lsu.edu/sites/default/files/sc/findaid/d3827.html,36 Bit-depth,,Data/lsu-moa-cwd_141_OBJ.png,lsu-moa-cwd:collection,902,sp_large_image_cmodel,,sp_large_image_cmodel
lsu-moa-cwd:142,22,"Durieux, Caroline, 1896-1989",,Color,E-mail artmuseum@lsu.edu with questions or comments,PA,1:01,,,,68.9.117,68.9.117,image/jp2,"LSU Museum of Art, Shaw Center for the Arts, Baton Rouge, LA","Louisiana State University (Baton Rouge, La.). Museum of Art",Repository,11/14/2018,8/13/2004,1954,Physical rights are retained by the Louisiana State University Museum of Art. Copyright is retained in accordance with U. S. copyright laws.,,art,Artist,marcrelator,Art piece 43,http://www.lib.lsu.edu/sites/default/files/sc/findaid/d3827.html,36 Bit-depth,,Data/lsu-moa-cwd_142_OBJ.png,lsu-moa-cwd:collection,902,sp_large_image_cmodel,,sp_large_image_cmodel
lsu-moa-cwd:143,22,"Durieux, Caroline, 1896-1989",,Color,E-mail artmuseum@lsu.edu with questions or comments,PA,1:01,,,,68.9.118,68.9.118,image/jp2,"LSU Museum of Art, Shaw Center for the Arts, Baton Rouge, LA","Louisiana State University (Baton Rouge, La.). Museum of Art",Repository,11/14/2018,8/13/2004,1955,Physical rights are retained by the Louisiana State University Museum of Art. Copyright is retained in accordance with U. S. copyright laws.,,art,Artist,marcrelator,Art piece 44,http://www.lib.lsu.edu/sites/default/files/sc/findaid/d3827.html,36 Bit-depth,,Data/lsu-moa-cwd_143_OBJ.png,lsu-moa-cwd:collection,902,sp_large_image_cmodel,,sp_large_image_cmodel
lsu-moa-cwd:144,22,"Durieux, Caroline, 1896-1989",,Color,E-mail artmuseum@lsu.edu with questions or comments,JC,1:01,,,,68.9.119,68.9.119,image/jp2,"LSU Museum of Art, Shaw Center for the Arts, Baton Rouge, LA","Louisiana State University (Baton Rouge, La.). Museum of Art",Repository,11/14/2018,8/13/2004,1956,Physical rights are retained by the Louisiana State University Museum of Art. Copyright is retained in accordance with U. S. copyright laws.,,art,Artist,marcrelator,Art piece 45,http://www.lib.lsu.edu/sites/default/files/sc/findaid/d3827.html,36 Bit-depth,,Data/lsu-moa-cwd_144_OBJ.png,lsu-moa-cwd:collection,902,sp_large_image_cmodel,,sp_large_image_cmodel
lsu-moa-cwd:145,22,"Durieux, Caroline, 1896-1989",,Color,E-mail artmuseum@lsu.edu with questions or comments,PA,1:01,,,,68.9.120,68.9.120,image/jp2,"LSU Museum of Art, Shaw Center for the Arts, Baton Rouge, LA","Louisiana State University (Baton Rouge, La.). Museum of Art",Repository,11/14/2018,8/13/2004,1957,Physical rights are retained by the Louisiana State University Museum of Art. Copyright is retained in accordance with U. S. copyright laws.,,art,Artist,marcrelator,Art piece 46,http://www.lib.lsu.edu/sites/default/files/sc/findaid/d3827.html,36 Bit-depth,,Data/lsu-moa-cwd_145_OBJ.png,lsu-moa-cwd:collection,902,sp_large_image_cmodel,,sp_large_image_cmodel
lsu-moa-cwd:146,22,"Durieux, Caroline, 1896-1989",,Color,E-mail artmuseum@lsu.edu with questions or comments,,1:01,,,,68.9.121,68.9.121,image/jp2,"LSU Museum of Art, Shaw Center for the Arts, Baton Rouge, LA","Louisiana State University (Baton Rouge, La.). Museum of Art",Repository,11/14/2018,8/13/2004,1958,Physical rights are retained by the Louisiana State University Museum of Art. Copyright is retained in accordance with U. S. copyright laws.,,art,Artist,marcrelator,Art piece 47,http://www.lib.lsu.edu/sites/default/files/sc/findaid/d3827.html,36 Bit-depth,,Data/lsu-moa-cwd_146_OBJ.png,lsu-moa-cwd:collection,902,sp_large_image_cmodel,,sp_large_image_cmodel
lsu-moa-cwd:147,22,"Durieux, Caroline, 1896-1989",,Color,E-mail artmuseum@lsu.edu with questions or comments,JC,1:01,,,,68.9.122,68.9.122,image/jp2,"LSU Museum of Art, Shaw Center for the Arts, Baton Rouge, LA","Louisiana State University (Baton Rouge, La.). Museum of Art",Repository,11/14/2018,8/13/2004,1959,Physical rights are retained by the Louisiana State University Museum of Art. Copyright is retained in accordance with U. S. copyright laws.,,art,Artist,marcrelator,Art piece 48,http://www.lib.lsu.edu/sites/default/files/sc/findaid/d3827.html,36 Bit-depth,,Data/lsu-moa-cwd_147_OBJ.png,lsu-moa-cwd:collection,902,sp_large_image_cmodel,,sp_large_image_cmodel
lsu-moa-cwd:148,22,"Durieux, Caroline, 1896-1989",,Color,E-mail artmuseum@lsu.edu with questions or comments,,1:01,,,,68.9.123,68.9.123,image/jp2,"LSU Museum of Art, Shaw Center for the Arts, Baton Rouge, LA","Louisiana State University (Baton Rouge, La.). Museum of Art",Repository,11/14/2018,8/13/2004,19510,Physical rights are retained by the Louisiana State University Museum of Art. Copyright is retained in accordance with U. S. copyright laws.,,art,Artist,marcrelator,Art piece 49,http://www.lib.lsu.edu/sites/default/files/sc/findaid/d3827.html,36 Bit-depth,,Data/lsu-moa-cwd_148_OBJ.png,lsu-moa-cwd:collection,902,sp_large_image_cmodel,,sp_large_image_cmodel
lsu-moa-cwd:149,22,"Durieux, Caroline, 1896-1989",,Color,E-mail artmuseum@lsu.edu with questions or comments,JC,1:01,,,,68.9.124,68.9.124,image/jp2,"LSU Museum of Art, Shaw Center for the Arts, Baton Rouge, LA","Louisiana State University (Baton Rouge, La.). Museum of Art",Repository,11/14/2018,8/13/2004,19511,Physical rights are retained by the Louisiana State University Museum of Art. Copyright is retained in accordance with U. S. copyright laws.,,art,Artist,marcrelator,Art piece 50,http://www.lib.lsu.edu/sites/default/files/sc/findaid/d3827.html,36 Bit-depth,,Data/lsu-moa-cwd_149_OBJ.png,lsu-moa-cwd:collection,902,sp_large_image_cmodel,,sp_large_image_cmodel
lsu-moa-cwd:150,22,"Durieux, Caroline, 1896-1989",,Color,E-mail artmuseum@lsu.edu with questions or comments,PA,1:01,,,,68.9.125,68.9.125,image/jp2,"LSU Museum of Art, Shaw Center for the Arts, Baton Rouge, LA","Louisiana State University (Baton Rouge, La.). Museum of Art",Repository,11/14/2018,8/13/2004,1952,Physical rights are retained by the Louisiana State University Museum of Art. Copyright is retained in accordance with U. S. copyright laws.,,art,Artist,marcrelator,Art piece 51,http://www.lib.lsu.edu/sites/default/files/sc/findaid/d3827.html,36 Bit-depth,,Data/lsu-moa-cwd_150_OBJ.png,lsu-moa-cwd:collection,902,sp_large_image_cmodel,,sp_large_image_cmodel
lsu-moa-cwd:151,22,"Durieux, Caroline, 1896-1989",,Color,E-mail artmuseum@lsu.edu with questions or comments,,1:01,,,,68.9.126,68.9.126,image/jp2,"LSU Museum of Art, Shaw Center for the Arts, Baton Rouge, LA","Louisiana State University (Baton Rouge, La.). Museum of Art",Repository,11/14/2018,8/13/2004,1953,Physical rights are retained by the Louisiana State University Museum of Art. Copyright is retained in accordance with U. S. copyright laws.,,art,Artist,marcrelator,Art piece 52,http://www.lib.lsu.edu/sites/default/files/sc/findaid/d3827.html,36 Bit-depth,,Data/lsu-moa-cwd_151_OBJ.png,lsu-moa-cwd:collection,902,sp_large_image_cmodel,,sp_large_image_cmodel
lsu-moa-cwd:152,22,"Durieux, Caroline, 1896-1989",,Color,E-mail artmuseum@lsu.edu with questions or comments,PA,1:01,,,,68.9.127,68.9.127,image/jp2,"LSU Museum of Art, Shaw Center for the Arts, Baton Rouge, LA","Louisiana State University (Baton Rouge, La.). Museum of Art",Repository,11/14/2018,8/13/2004,1954,Physical rights are retained by the Louisiana State University Museum of Art. Copyright is retained in accordance with U. S. copyright laws.,,art,Artist,marcrelator,Art piece 53,http://www.lib.lsu.edu/sites/default/files/sc/findaid/d3827.html,36 Bit-depth,,Data/lsu-moa-cwd_152_OBJ.png,lsu-moa-cwd:collection,902,sp_large_image_cmodel,,sp_large_image_cmodel
lsu-moa-cwd:153,22,"Durieux, Caroline, 1896-1989",,Color,E-mail artmuseum@lsu.edu with questions or comments,,1:01,,,,68.9.128,68.9.128,image/jp2,"LSU Museum of Art, Shaw Center for the Arts, Baton Rouge, LA","Louisiana State University (Baton Rouge, La.). Museum of Art",Repository,11/14/2018,8/13/2004,1955,Physical rights are retained by the Louisiana State University Museum of Art. Copyright is retained in accordance with U. S. copyright laws.,,art,Artist,marcrelator,Art piece 54,http://www.lib.lsu.edu/sites/default/files/sc/findaid/d3827.html,36 Bit-depth,,Data/lsu-moa-cwd_153_OBJ.png,lsu-moa-cwd:collection,902,sp_large_image_cmodel,,sp_large_image_cmodel
lsu-moa-cwd:154,22,"Durieux, Caroline, 1896-1989",,Color,E-mail artmuseum@lsu.edu with questions or comments,PA,1:01,,,,68.9.129,68.9.129,image/jp2,"LSU Museum of Art, Shaw Center for the Arts, Baton Rouge, LA","Louisiana State University (Baton Rouge, La.). Museum of Art",Repository,11/14/2018,8/13/2004,1956,Physical rights are retained by the Louisiana State University Museum of Art. Copyright is retained in accordance with U. S. copyright laws.,,art,Artist,marcrelator,Art piece 55,http://www.lib.lsu.edu/sites/default/files/sc/findaid/d3827.html,36 Bit-depth,,Data/lsu-moa-cwd_154_OBJ.png,lsu-moa-cwd:collection,902,sp_large_image_cmodel,,sp_large_image_cmodel
lsu-moa-cwd:155,22,"Durieux, Caroline, 1896-1989",,Color,E-mail artmuseum@lsu.edu with questions or comments,,1:01,,,,68.9.130,68.9.130,image/jp2,"LSU Museum of Art, Shaw Center for the Arts, Baton Rouge, LA","Louisiana State University (Baton Rouge, La.). Museum of Art",Repository,11/14/2018,8/13/2004,1957,Physical rights are retained by the Louisiana State University Museum of Art. Copyright is retained in accordance with U. S. copyright laws.,,art,Artist,marcrelator,Art piece 56,http://www.lib.lsu.edu/sites/default/files/sc/findaid/d3827.html,36 Bit-depth,,Data/lsu-moa-cwd_155_OBJ.png,lsu-moa-cwd:collection,902,sp_large_image_cmodel,,sp_large_image_cmodel
lsu-moa-cwd:156,22,"Durieux, Caroline, 1896-1989",,Color,E-mail artmuseum@lsu.edu with questions or comments,PA,1:01,,,,68.9.131,68.9.131,image/jp2,"LSU Museum of Art, Shaw Center for the Arts, Baton Rouge, LA","Louisiana State University (Baton Rouge, La.). Museum of Art",Repository,11/14/2018,8/13/2004,1958,Physical rights are retained by the Louisiana State University Museum of Art. Copyright is retained in accordance with U. S. copyright laws.,,art,Artist,marcrelator,Art piece 57,http://www.lib.lsu.edu/sites/default/files/sc/findaid/d3827.html,36 Bit-depth,,Data/lsu-moa-cwd_156_OBJ.png,lsu-moa-cwd:collection,902,sp_large_image_cmodel,,sp_large_image_cmodel
lsu-moa-cwd:157,22,"Durieux, Caroline, 1896-1989",,Color,E-mail artmuseum@lsu.edu with questions or comments,JC,1:01,,,,68.9.132,68.9.132,image/jp2,"LSU Museum of Art, Shaw Center for the Arts, Baton Rouge, LA","Louisiana State University (Baton Rouge, La.). Museum of Art",Repository,11/14/2018,8/13/2004,1959,Physical rights are retained by the Louisiana State University Museum of Art. Copyright is retained in accordance with U. S. copyright laws.,,art,Artist,marcrelator,Art piece 58,http://www.lib.lsu.edu/sites/default/files/sc/findaid/d3827.html,36 Bit-depth,,Data/lsu-moa-cwd_157_OBJ.png,lsu-moa-cwd:collection,902,sp_large_image_cmodel,,sp_large_image_cmodel
lsu-moa-cwd:158,22,"Durieux, Caroline, 1896-1989",,Color,E-mail artmuseum@lsu.edu with questions or comments,PA,1:01,,,,68.9.133,68.9.133,image/jp2,"LSU Museum of Art, Shaw Center for the Arts, Baton Rouge, LA","Louisiana State University (Baton Rouge, La.). Museum of Art",Repository,11/14/2018,8/13/2004,19510,Physical rights are retained by the Louisiana State University Museum of Art. Copyright is retained in accordance with U. S. copyright laws.,,art,Artist,marcrelator,Art piece 59,http://www.lib.lsu.edu/sites/default/files/sc/findaid/d3827.html,36 Bit-depth,,Data/lsu-moa-cwd_158_OBJ.png,lsu-moa-cwd:collection,902,sp_large_image_cmodel,,sp_large_image_cmodel
lsu-moa-cwd:159,22,"Durieux, Caroline, 1896-1989",,Color,E-mail artmuseum@lsu.edu with questions or comments,,1:01,,,,68.9.134,68.9.134,image/jp2,"LSU Museum of Art, Shaw Center for the Arts, Baton Rouge, LA","Louisiana State University (Baton Rouge, La.). Museum of Art",Repository,11/14/2018,8/13/2004,19511,Physical rights are retained by the Louisiana State University Museum of Art. Copyright is retained in accordance with U. S. copyright laws.,,art,Artist,marcrelator,Art piece 60,http://www.lib.lsu.edu/sites/default/files/sc/findaid/d3827.html,36 Bit-depth,,Data/lsu-moa-cwd_159_OBJ.png,lsu-moa-cwd:collection,902,sp_large_image_cmodel,,sp_large_image_cmodel
lsu-moa-cwd:160,22,"Durieux, Caroline, 1896-1989",,Color,E-mail artmuseum@lsu.edu with questions or comments,JC,1:01,,,,68.9.135,68.9.135,image/jp2,"LSU Museum of Art, Shaw Center for the Arts, Baton Rouge, LA","Louisiana State University (Baton Rouge, La.). Museum of Art",Repository,11/14/2018,8/13/2004,1952,Physical rights are retained by the Louisiana State University Museum of Art. Copyright is retained in accordance with U. S. copyright laws.,,art,Artist,marcrelator,Art piece 61,http://www.lib.lsu.edu/sites/default/files/sc/findaid/d3827.html,36 Bit-depth,,Data/lsu-moa-cwd_160_OBJ.png,lsu-moa-cwd:collection,902,sp_large_image_cmodel,,sp_large_image_cmodel
lsu-moa-cwd:161,22,"Durieux, Caroline, 1896-1989",,Color,E-mail artmuseum@lsu.edu with questions or comments,PA,1:01,,,,68.9.136,68.9.136,image/jp2,"LSU Museum of Art, Shaw Center for the Arts, Baton Rouge, LA","Louisiana State University (Baton Rouge, La.). Museum of Art",Repository,11/14/2018,8/13/2004,1953,Physical rights are retained by the Louisiana State University Museum of Art. Copyright is retained in accordance with U. S. copyright laws.,,art,Artist,marcrelator,Art piece 62,http://www.lib.lsu.edu/sites/default/files/sc/findaid/d3827.html,36 Bit-depth,,Data/lsu-moa-cwd_161_OBJ.png,lsu-moa-cwd:collection,902,sp_large_image_cmodel,,sp_large_image_cmodel
lsu-moa-cwd:162,22,"Durieux, Caroline, 1896-1989",,Color,E-mail artmuseum@lsu.edu with questions or comments,,1:01,,,,68.9.137,68.9.137,image/jp2,"LSU Museum of Art, Shaw Center for the Arts, Baton Rouge, LA","Louisiana State University (Baton Rouge, La.). Museum of Art",Repository,11/14/2018,8/13/2004,1954,Physical rights are retained by the Louisiana State University Museum of Art. Copyright is retained in accordance with U. S. copyright laws.,,art,Artist,marcrelator,Art piece 63,http://www.lib.lsu.edu/sites/default/files/sc/findaid/d3827.html,36 Bit-depth,,Data/lsu-moa-cwd_162_OBJ.png,lsu-moa-cwd:collection,902,sp_large_image_cmodel,,sp_large_image_cmodel
lsu-moa-cwd:163,22,"Durieux, Caroline, 1896-1989",,Color,E-mail artmuseum@lsu.edu with questions or comments,PA,1:01,,,,68.9.138,68.9.138,image/jp2,"LSU Museum of Art, Shaw Center for the Arts, Baton Rouge, LA","Louisiana State University (Baton Rouge, La.). Museum of Art",Repository,11/14/2018,8/13/2004,1955,Physical rights are retained by the Louisiana State University Museum of Art. Copyright is retained in accordance with U. S. copyright laws.,,art,Artist,marcrelator,Art piece 64,http://www.lib.lsu.edu/sites/default/files/sc/findaid/d3827.html,36 Bit-depth,,Data/lsu-moa-cwd_163_OBJ.png,lsu-moa-cwd:collection,902,sp_large_image_cmodel,,sp_large_image_cmodel
lsu-moa-cwd:164,22,"Durieux, Caroline, 1896-1989",,Color,E-mail artmuseum@lsu.edu with questions or comments,JC,1:01,,,,68.9.139,68.9.139,image/jp2,"LSU Museum of Art, Shaw Center for the Arts, Baton Rouge, LA","Louisiana State University (Baton Rouge, La.). Museum of Art",Repository,11/14/2018,8/13/2004,1956,Physical rights are retained by the Louisiana State University Museum of Art. Copyright is retained in accordance with U. S. copyright laws.,,art,Artist,marcrelator,Art piece 65,http://www.lib.lsu.edu/sites/default/files/sc/findaid/d3827.html,36 Bit-depth,,Data/lsu-moa-cwd_164_OBJ.png,lsu-moa-cwd:collection,902,sp_large_image_cmodel,,sp_large_image_cmodel
lsu-moa-cwd:165,22,"Durieux, Caroline, 1896-1989",,Color,E-mail artmuseum@lsu.edu with questions or comments,,1:01,,,,68.9.140,68.9.140,image/jp2,"LSU Museum of Art, Shaw Center for the Arts, Baton Rouge, LA","Louisiana State University (Baton Rouge, La.). Museum of Art",Repository,11/14/2018,8/13/2004,1957,Physical rights are retained by the Louisiana State University Museum of Art. Copyright is retained in accordance with U. S. copyright laws.,,art,Artist,marcrelator,Art piece 66,http://www.lib.lsu.edu/sites/default/files/sc/findaid/d3827.html,36 Bit-depth,,Data/lsu-moa-cwd_165_OBJ.png,lsu-moa-cwd:collection,902,sp_large_image_cmodel,,sp_large_image_cmodel
lsu-moa-cwd:166,22,"Durieux, Caroline, 1896-1989",,Color,E-mail artmuseum@lsu.edu with questions or comments,JC,1:01,,,,68.9.141,68.9.141,image/jp2,"LSU Museum of Art, Shaw Center for the Arts, Baton Rouge, LA","Louisiana State University (Baton Rouge, La.). Museum of Art",Repository,11/14/2018,8/13/2004,1958,Physical rights are retained by the Louisiana State University Museum of Art. Copyright is retained in accordance with U. S. copyright laws.,,art,Artist,marcrelator,Art piece 67,http://www.lib.lsu.edu/sites/default/files/sc/findaid/d3827.html,36 Bit-depth,,Data/lsu-moa-cwd_166_OBJ.png,lsu-moa-cwd:collection,902,sp_large_image_cmodel,,sp_large_image_cmodel
lsu-moa-cwd:167,22,"Durieux, Caroline, 1896-1989",,Color,E-mail artmuseum@lsu.edu with questions or comments,PA,1:01,,,,68.9.142,68.9.142,image/jp2,"LSU Museum of Art, Shaw Center for the Arts, Baton Rouge, LA","Louisiana State University (Baton Rouge, La.). Museum of Art",Repository,11/14/2018,8/13/2004,1959,Physical rights are retained by the Louisiana State University Museum of Art. Copyright is retained in accordance with U. S. copyright laws.,,art,Artist,marcrelator,Art piece 68,http://www.lib.lsu.edu/sites/default/files/sc/findaid/d3827.html,36 Bit-depth,,Data/lsu-moa-cwd_167_OBJ.png,lsu-moa-cwd:collection,902,sp_large_image_cmodel,,sp_large_image_cmodel
lsu-moa-cwd:168,22,"Durieux, Caroline, 1896-1989",,Color,E-mail artmuseum@lsu.edu with questions or comments,JC,1:01,,,,68.9.143,68.9.143,image/jp2,"LSU Museum of Art, Shaw Center for the Arts, Baton Rouge, LA","Louisiana State University (Baton Rouge, La.). Museum of Art",Repository,11/14/2018,8/13/2004,19510,Physical rights are retained by the Louisiana State University Museum of Art. Copyright is retained in accordance with U. S. copyright laws.,,art,Artist,marcrelator,Art piece 69,http://www.lib.lsu.edu/sites/default/files/sc/findaid/d3827.html,36 Bit-depth,,Data/lsu-moa-cwd_168_OBJ.png,lsu-moa-cwd:collection,902,sp_large_image_cmodel,,sp_large_image_cmodel
lsu-moa-cwd:169,22,"Durieux, Caroline, 1896-1989",,Color,E-mail artmuseum@lsu.edu with questions or comments,JC,1:01,,,,68.9.144,68.9.144,image/jp2,"LSU Museum of Art, Shaw Center for the Arts, Baton Rouge, LA","Louisiana State University (Baton Rouge, La.). Museum of Art",Repository,11/14/2018,8/13/2004,19511,Physical rights are retained by the Louisiana State University Museum of Art. Copyright is retained in accordance with U. S. copyright laws.,,art,Artist,marcrelator,Art piece 70,http://www.lib.lsu.edu/sites/default/files/sc/findaid/d3827.html,36 Bit-depth,,Data/lsu-moa-cwd_169_OBJ.png,lsu-moa-cwd:collection,902,sp_large_image_cmodel,,sp_large_image_cmodel
lsu-moa-cwd:170,22,"Durieux, Caroline, 1896-1989",,Color,E-mail artmuseum@lsu.edu with questions or comments,PA,1:01,,,,68.9.145,68.9.145,image/jp2,"LSU Museum of Art, Shaw Center for the Arts, Baton Rouge, LA","Louisiana State University (Baton Rouge, La.). Museum of Art",Repository,11/14/2018,8/13/2004,1952,Physical rights are retained by the Louisiana State University Museum of Art. Copyright is retained in accordance with U. S. copyright laws.,,art,Artist,marcrelator,Art piece 71,http://www.lib.lsu.edu/sites/default/files/sc/findaid/d3827.html,36 Bit-depth,,Data/lsu-moa-cwd_170_OBJ.png,lsu-moa-cwd:collection,902,sp_large_image_cmodel,,sp_large_image_cmodel
lsu-moa-cwd:171,22,"Durieux, Caroline, 1896-1989",,Color,E-mail artmuseum@lsu.edu with questions or comments,,1:01,,,,68.9.146,68.9.146,image/jp2,"LSU Museum of Art, Shaw Center for the Arts, Baton Rouge, LA","Louisiana State University (Baton Rouge, La.). Museum of Art",Repository,11/14/2018,8/13/2004,1953,Physical rights are retained by the Louisiana State University Museum of Art. Copyright is retained in accordance with U. S. copyright laws.,,art,Artist,marcrelator,Art piece 72,http://www.lib.lsu.edu/sites/default/files/sc/findaid/d3827.html,36 Bit-depth,,Data/lsu-moa-cwd_171_OBJ.png,lsu-moa-cwd:collection,902,sp_large_image_cmodel,,sp_large_image_cmodel
lsu-moa-cwd:172,22,"Durieux, Caroline, 1896-1989",,Color,E-mail artmuseum@lsu.edu with questions or comments,PA,1:01,,,,68.9.147,68.9.147,image/jp2,"LSU Museum of Art, Shaw Center for the Arts, Baton Rouge, LA","Louisiana State University (Baton Rouge, La.). Museum of Art",Repository,11/14/2018,8/13/2004,1954,Physical rights are retained by the Louisiana State University Museum of Art. Copyright is retained in accordance with U. S. copyright laws.,,art,Artist,marcrelator,Art piece 73,http://www.lib.lsu.edu/sites/default/files/sc/findaid/d3827.html,36 Bit-depth,,Data/lsu-moa-cwd_172_OBJ.png,lsu-moa-cwd:collection,902,sp_large_image_cmodel,,sp_large_image_cmodel
lsu-moa-cwd:173,22,"Durieux, Caroline, 1896-1989",,Color,E-mail artmuseum@lsu.edu with questions or comments,JC,1:01,,,,68.9.148,68.9.148,image/jp2,"LSU Museum of Art, Shaw Center for the Arts, Baton Rouge, LA","Louisiana State University (Baton Rouge, La.). Museum of Art",Repository,11/14/2018,8/13/2004,1955,Physical rights are retained by the Louisiana State University Museum of Art. Copyright is retained in accordance with U. S. copyright laws.,,art,Artist,marcrelator,Art piece 74,http://www.lib.lsu.edu/sites/default/files/sc/findaid/d3827.html,36 Bit-depth,,Data/lsu-moa-cwd_173_OBJ.png,lsu-moa-cwd:collection,902,sp_large_image_cmodel,,sp_large_image_cmodel
lsu-moa-cwd:174,22,"Durieux, Caroline, 1896-1989",,Color,E-mail artmuseum@lsu.edu with questions or comments,,1:01,,,,68.9.149,68.9.149,image/jp2,"LSU Museum of Art, Shaw Center for the Arts, Baton Rouge, LA","Louisiana State University (Baton Rouge, La.). Museum of Art",Repository,11/14/2018,8/13/2004,1956,Physical rights are retained by the Louisiana State University Museum of Art. Copyright is retained in accordance with U. S. copyright laws.,,art,Artist,marcrelator,Art piece 75,http://www.lib.lsu.edu/sites/default/files/sc/findaid/d3827.html,36 Bit-depth,,Data/lsu-moa-cwd_174_OBJ.png,lsu-moa-cwd:collection,902,sp_large_image_cmodel,,sp_large_image_cmodel
lsu-moa-cwd:175,22,"Durieux, Caroline, 1896-1989",,Color,E-mail artmuseum@lsu.edu with questions or comments,JC,1:01,,,,68.9.150,68.9.150,image/jp2,"LSU Museum of Art, Shaw Center for the Arts, Baton Rouge, LA","Louisiana State University (Baton Rouge, La.). Museum of Art",Repository,11/14/2018,8/13/2004,1957,Physical rights are retained by the Louisiana State University Museum of Art. Copyright is retained in accordance with U. S. copyright laws.,,art,Artist,marcrelator,Art piece 76,http://www.lib.lsu.edu/sites/default/files/sc/findaid/d3827.html,36 Bit-depth,,Data/lsu-moa-cwd_175_OBJ.png,lsu-moa-cwd:collection,902,sp_large_image_cmodel,,sp_large_image_cmodel
lsu-moa-cwd:176,22,"Durieux, Caroline, 1896-1989",,Color,E-mail artmuseum@lsu.edu with questions or comments,PA,1:01,,,,68.9.151,68.9.151,image/jp2,"LSU Museum of Art, Shaw Center for the Arts, Baton Rouge, LA","Louisiana State University (Baton Rouge, La.). Museum of Art",Repository,11/14/2018,8/13/2004,1958,Physical rights are retained by the Louisiana State University Museum of Art. Copyright is retained in accordance with U. S. copyright laws.,,art,Artist,marcrelator,Art piece 77,http://www.lib.lsu.edu/sites/default/files/sc/findaid/d3827.html,36 Bit-depth,,Data/lsu-moa-cwd_176_OBJ.png,lsu-moa-cwd:collection,902,sp_large_image_cmodel,,sp_large_image_cmodel
lsu-moa-cwd:177,22,"Durieux, Caroline, 1896-1989",,Color,E-mail artmuseum@lsu.edu with questions or comments,,1:01,,,,68.9.152,68.9.152,image/jp2,"LSU Museum of Art, Shaw Center for the Arts, Baton Rouge, LA","Louisiana State University (Baton Rouge, La.). Museum of Art",Repository,11/14/2018,8/13/2004,1959,Physical rights are retained by the Louisiana State University Museum of Art. Copyright is retained in accordance with U. S. copyright laws.,,art,Artist,marcrelator,Art piece 78,http://www.lib.lsu.edu/sites/default/files/sc/findaid/d3827.html,36 Bit-depth,,Data/lsu-moa-cwd_177_OBJ.png,lsu-moa-cwd:collection,902,sp_large_image_cmodel,,sp_large_image_cmodel
lsu-moa-cwd:178,22,"Durieux, Caroline, 1896-1989",,Color,E-mail artmuseum@lsu.edu with questions or comments,PA,1:01,,,,68.9.153,68.9.153,image/jp2,"LSU Museum of Art, Shaw Center for the Arts, Baton Rouge, LA","Louisiana State University (Baton Rouge, La.). Museum of Art",Repository,11/14/2018,8/13/2004,19510,Physical rights are retained by the Louisiana State University Museum of Art. Copyright is retained in accordance with U. S. copyright laws.,,art,Artist,marcrelator,Art piece 79,http://www.lib.lsu.edu/sites/default/files/sc/findaid/d3827.html,36 Bit-depth,,Data/lsu-moa-cwd_178_OBJ.png,lsu-moa-cwd:collection,902,sp_large_image_cmodel,,sp_large_image_cmodel
lsu-moa-cwd:179,22,"Durieux, Caroline, 1896-1989",,Color,E-mail artmuseum@lsu.edu with questions or comments,JC,1:01,,,,68.9.154,68.9.154,image/jp2,"LSU Museum of Art, Shaw Center for the Arts, Baton Rouge, LA","Louisiana State University (Baton Rouge, La.). Museum of Art",Repository,11/14/2018,8/13/2004,19511,Physical rights are retained by the Louisiana State University Museum of Art. Copyright is retained in accordance with U. S. copyright laws.,,art,Artist,marcrelator,Art piece 80,http://www.lib.lsu.edu/sites/default/files/sc/findaid/d3827.html,36 Bit-depth,,Data/lsu-moa-cwd_179_OBJ.png,lsu-moa-cwd:collection,902,sp_large_image_cmodel,,sp_large_image_cmodel
lsu-moa-cwd:180,22,"Durieux, Caroline, 1896-1989",,Color,E-mail artmuseum@lsu.edu with questions or comments,PA,1:01,,,,68.9.155,68.9.155,image/jp2,"LSU Museum of Art, Shaw Center for the Arts, Baton Rouge, LA","Louisiana State University (Baton Rouge, La.). Museum of Art",Repository,11/14/2018,8/13/2004,1952,Physical rights are retained by the Louisiana State University Museum of Art. Copyright is retained in accordance with U. S. copyright laws.,,art,Artist,marcrelator,Art piece 81,http://www.lib.lsu.edu/sites/default/files/sc/findaid/d3827.html,36 Bit-depth,,Data/lsu-moa-cwd_180_OBJ.png,lsu-moa-cwd:collection,902,sp_large_image_cmodel,,sp_large_image_cmodel
lsu-moa-cwd:181,22,"Durieux, Caroline, 1896-1989",,Color,E-mail artmuseum@lsu.edu with questions or comments,PA,1:01,,,,68.9.156,68.9.156,image/jp2,"LSU Museum of Art, Shaw Center for the Arts, Baton Rouge, LA","Louisiana State University (Baton Rouge, La.). Museum of Art",Repository,11/14/2018,8/13/2004,1953,Physical rights are retained by the Louisiana State University Museum of Art. Copyright is retained in accordance with U. S. copyright laws.,,art,Artist,marcrelator,Art piece 82,http://www.lib.lsu.edu/sites/default/files/sc/findaid/d3827.html,36 Bit-depth,,Data/lsu-moa-cwd_181_OBJ.png,lsu-moa-cwd:collection,902,sp_large_image_cmodel,,sp_large_image_cmodel
lsu-moa-cwd:182,22,"Durieux, Caroline, 1896-1989",,Color,E-mail artmuseum@lsu.edu with questions or comments,PA,1:01,,,,68.9.157,68.9.157,image/jp2,"LSU Museum of Art, Shaw Center for the Arts, Baton Rouge, LA","Louisiana State University (Baton Rouge, La.). Museum of Art",Repository,11/14/2018,8/13/2004,1954,Physical rights are retained by the Louisiana State University Museum of Art. Copyright is retained in accordance with U. S. copyright laws.,,art,Artist,marcrelator,Art piece 83,http://www.lib.lsu.edu/sites/default/files/sc/findaid/d3827.html,36 Bit-depth,,Data/lsu-moa-cwd_182_OBJ.png,lsu-moa-cwd:collection,902,sp_large_image_cmodel,,sp_large_image_cmodel
lsu-moa-cwd:183,22,"Durieux, Caroline, 1896-1989",,Color,E-mail artmuseum@lsu.edu with questions or comments,,1:01,,,,68.9.158,68.9.158,image/jp2,"LSU Museum of Art, Shaw Center for the Arts, Baton Rouge, LA","Louisiana State University (Baton Rouge, La.). Museum of Art",Repository,11/14/2018,8/13/2004,1955,Physical rights are retained by the Louisiana State University Museum of Art. Copyright is retained in accordance with U. S. copyright laws.,,art,Artist,marcrelator,Art piece 84,http://www.lib.lsu.edu/sites/default/files/sc/findaid/d3827.html,36 Bit-depth,,Data/lsu-moa-cwd_183_OBJ.png,lsu-moa-cwd:collection,902,sp_large_image_cmodel,,sp_large_image_cmodel
lsu-moa-cwd:184,22,"Durieux, Caroline, 1896-1989",,Color,E-mail artmuseum@lsu.edu with questions or comments,JC,1:01,,,,68.9.159,68.9.159,image/jp2,"LSU Museum of Art, Shaw Center for the Arts, Baton Rouge, LA","Louisiana State University (Baton Rouge, La.). Museum of Art",Repository,11/14/2018,8/13/2004,1956,Physical rights are retained by the Louisiana State University Museum of Art. Copyright is retained in accordance with U. S. copyright laws.,,art,Artist,marcrelator,Art piece 85,http://www.lib.lsu.edu/sites/default/files/sc/findaid/d3827.html,36 Bit-depth,,Data/lsu-moa-cwd_184_OBJ.png,lsu-moa-cwd:collection,902,sp_large_image_cmodel,,sp_large_image_cmodel
lsu-moa-cwd:185,22,"Durieux, Caroline, 1896-1989",,Color,E-mail artmuseum@lsu.edu with questions or comments,,1:01,,,,68.9.160,68.9.160,image/jp2,"LSU Museum of Art, Shaw Center for the Arts, Baton Rouge, LA","Louisiana State University (Baton Rouge, La.). Museum of Art",Repository,11/14/2018,8/13/2004,1957,Physical rights are retained by the Louisiana State University Museum of Art. Copyright is retained in accordance with U. S. copyright laws.,,art,Artist,marcrelator,Art piece 86,http://www.lib.lsu.edu/sites/default/files/sc/findaid/d3827.html,36 Bit-depth,,Data/lsu-moa-cwd_185_OBJ.png,lsu-moa-cwd:collection,902,sp_large_image_cmodel,,sp_large_image_cmodel
lsu-moa-cwd:186,22,"Durieux, Caroline, 1896-1989",,Color,E-mail artmuseum@lsu.edu with questions or comments,PA,1:01,,,,68.9.161,68.9.161,image/jp2,"LSU Museum of Art, Shaw Center for the Arts, Baton Rouge, LA","Louisiana State University (Baton Rouge, La.). Museum of Art",Repository,11/14/2018,8/13/2004,1958,Physical rights are retained by the Louisiana State University Museum of Art. Copyright is retained in accordance with U. S. copyright laws.,,art,Artist,marcrelator,Art piece 87,http://www.lib.lsu.edu/sites/default/files/sc/findaid/d3827.html,36 Bit-depth,,Data/lsu-moa-cwd_186_OBJ.png,lsu-moa-cwd:collection,902,sp_large_image_cmodel,,sp_large_image_cmodel
lsu-moa-cwd:187,22,"Durieux, Caroline, 1896-1989",,Color,E-mail artmuseum@lsu.edu with questions or comments,,1:01,,,,68.9.162,68.9.162,image/jp2,"LSU Museum of Art, Shaw Center for the Arts, Baton Rouge, LA","Louisiana State University (Baton Rouge, La.). Museum of Art",Repository,11/14/2018,8/13/2004,1959,Physical rights are retained by the Louisiana State University Museum of Art. Copyright is retained in accordance with U. S. copyright laws.,,art,Artist,marcrelator,Art piece 88,http://www.lib.lsu.edu/sites/default/files/sc/findaid/d3827.html,36 Bit-depth,,Data/lsu-moa-cwd_187_OBJ.png,lsu-moa-cwd:collection,902,sp_large_image_cmodel,,sp_large_image_cmodel
lsu-moa-cwd:188,22,"Durieux, Caroline, 1896-1989",,Color,E-mail artmuseum@lsu.edu with questions or comments,,1:01,,,,68.9.163,68.9.163,image/jp2,"LSU Museum of Art, Shaw Center for the Arts, Baton Rouge, LA","Louisiana State University (Baton Rouge, La.). Museum of Art",Repository,11/14/2018,8/13/2004,19510,Physical rights are retained by the Louisiana State University Museum of Art. Copyright is retained in accordance with U. S. copyright laws.,,art,Artist,marcrelator,Art piece 89,http://www.lib.lsu.edu/sites/default/files/sc/findaid/d3827.html,36 Bit-depth,,Data/lsu-moa-cwd_188_OBJ.png,lsu-moa-cwd:collection,902,sp_large_image_cmodel,,sp_large_image_cmodel
lsu-moa-cwd:189,22,"Durieux, Caroline, 1896-1989",,Color,E-mail artmuseum@lsu.edu with questions or comments,JC,1:01,,,,68.9.164,68.9.164,image/jp2,"LSU Museum of Art, Shaw Center for the Arts, Baton Rouge, LA","Louisiana State University (Baton Rouge, La.). Museum of Art",Repository,11/14/2018,8/13/2004,19511,Physical rights are retained by the Louisiana State University Museum of Art. Copyright is retained in accordance with U. S. copyright laws.,,art,Artist,marcrelator,Art piece 90,http://www.lib.lsu.edu/sites/default/files/sc/findaid/d3827.html,36 Bit-depth,,Data/lsu-moa-cwd_189_OBJ.png,lsu-moa-cwd:collection,902,sp_large_image_cmodel,,sp_large_image_cmodel
lsu-moa-cwd:190,22,"Durieux, Caroline, 1896-1989",,Color,E-mail artmuseum@lsu.edu with questions or comments,JC,1:01,,,,68.9.165,68.9.165,image/jp2,"LSU Museum of Art, Shaw Center for the Arts, Baton Rouge, LA","Louisiana State University (Baton Rouge, La.). Museum of Art",Repository,11/14/2018,8/13/2004,1952,Physical rights are retained by the Louisiana State University Museum of Art. Copyright is retained in accordance with U. S. copyright laws.,,art,Artist,marcrelator,Art piece 91,http://www.lib.lsu.edu/sites/default/files/sc/findaid/d3827.html,36 Bit-depth,,Data/lsu-moa-cwd_190_OBJ.png,lsu-moa-cwd:collection,902,sp_large_image_cmodel,,sp_large_image_cmodel
lsu-moa-cwd:191,22,"Durieux, Caroline, 1896-1989",,Color,E-mail artmuseum@lsu.edu with questions or comments,,1:01,,,,68.9.166,68.9.166,image/jp2,"LSU Museum of Art, Shaw Center for the Arts, Baton Rouge, LA","Louisiana State University (Baton Rouge, La.). Museum of Art",Repository,11/14/2018,8/13/2004,1953,Physical rights are retained by the Louisiana State University Museum of Art. Copyright is retained in accordance with U. S. copyright laws.,,art,Artist,marcrelator,Art piece 92,http://www.lib.lsu.edu/sites/default/files/sc/findaid/d3827.html,36 Bit-depth,,Data/lsu-moa-cwd_191_OBJ.png,lsu-moa-cwd:collection,902,sp_large_image_cmodel,,sp_large_image_cmodel
lsu-moa-cwd:192,22,"Durieux, Caroline, 1896-1989",,Color,E-mail artmuseum@lsu.edu with questions or comments,,1:01,,,,68.9.167,68.9.167,image/jp2,"LSU Museum of Art, Shaw Center for the Arts, Baton Rouge, LA","Louisiana State University (Baton Rouge, La.). Museum of Art",Repository,11/14/2018,8/13/2004,1954,Physical rights are retained by the Louisiana State University Museum of Art. Copyright is retained in accordance with U. S. copyright laws.,,art,Artist,marcrelator,Art piece 93,http://www.lib.lsu.edu/sites/default/files/sc/findaid/d3827.html,36 Bit-depth,,Data/lsu-moa-cwd_192_OBJ.png,lsu-moa-cwd:collection,902,sp_large_image_cmodel,,sp_large_image_cmodel
lsu-moa-cwd:193,22,"Durieux, Caroline, 1896-1989",,Color,E-mail artmuseum@lsu.edu with questions or comments,PA,1:01,,,,68.9.168,68.9.168,image/jp2,"LSU Museum of Art, Shaw Center for the Arts, Baton Rouge, LA","Louisiana State University (Baton Rouge, La.). Museum of Art",Repository,11/14/2018,8/13/2004,1955,Physical rights are retained by the Louisiana State University Museum of Art. Copyright is retained in accordance with U. S. copyright laws.,,art,Artist,marcrelator,Art piece 94,http://www.lib.lsu.edu/sites/default/files/sc/findaid/d3827.html,36 Bit-depth,,Data/lsu-moa-cwd_193_OBJ.png,lsu-moa-cwd:collection,902,sp_large_image_cmodel,,sp_large_image_cmodel
lsu-moa-cwd:194,22,"Durieux, Caroline, 1896-1989",,Color,E-mail artmuseum@lsu.edu with questions or comments,,1:01,,,,68.9.169,68.9.169,image/jp2,"LSU Museum of Art, Shaw Center for the Arts, Baton Rouge, LA","Louisiana State University (Baton Rouge, La.). Museum of Art",Repository,11/14/2018,8/13/2004,1956,Physical rights are retained by the Louisiana State University Museum of Art. Copyright is retained in accordance with U. S. copyright laws.,,art,Artist,marcrelator,Art piece 95,http://www.lib.lsu.edu/sites/default/files/sc/findaid/d3827.html,36 Bit-depth,,Data/lsu-moa-cwd_194_OBJ.png,lsu-moa-cwd:collection,902,sp_large_image_cmodel,,sp_large_image_cmodel
lsu-moa-cwd:195,22,"Durieux, Caroline, 1896-1989",,Color,E-mail artmuseum@lsu.edu with questions or comments,JC,1:01,,,,68.9.170,68.9.170,image/jp2,"LSU Museum of Art, Shaw Center for the Arts, Baton Rouge, LA","Louisiana State University (Baton Rouge, La.). Museum of Art",Repository,11/14/2018,8/13/2004,1957,Physical rights are retained by the Louisiana State University Museum of Art. Copyright is retained in accordance with U. S. copyright laws.,,art,Artist,marcrelator,Art piece 96,http://www.lib.lsu.edu/sites/default/files/sc/findaid/d3827.html,36 Bit-depth,,Data/lsu-moa-cwd_195_OBJ.png,lsu-moa-cwd:collection,902,sp_large_image_cmodel,,sp_large_image_cmodel
lsu-moa-cwd:196,22,"Durieux, Caroline, 1896-1989",,Color,E-mail artmuseum@lsu.edu with questions or comments,JC,1:01,,,,68.9.171,68.9.171,image/jp2,"LSU Museum of Art, Shaw Center for the Arts, Baton Rouge, LA","Louisiana State University (Baton Rouge, La.). Museum of Art",Repository,11/14/2018,8/13/2004,1958,Physical rights are retained by the Louisiana State University Museum of Art. Copyright is retained in accordance with U. S. copyright laws.,,art,Artist,marcrelator,Art piece 97,http://www.lib.lsu.edu/sites/default/files/sc/findaid/d3827.html,36 Bit-depth,,Data/lsu-moa-cwd_196_OBJ.png,lsu-moa-cwd:collection,902,sp_large_image_cmodel,,sp_large_image_cmodel
lsu-moa-cwd:197,22,"Durieux, Caroline, 1896-1989",,Color,E-mail artmuseum@lsu.edu with questions or comments,JC,1:01,,,,68.9.172,68.9.172,image/jp2,"LSU Museum of Art, Shaw Center for the Arts, Baton Rouge, LA","Louisiana State University (Baton Rouge, La.). Museum of Art",Repository,11/14/2018,8/13/2004,1959,Physical rights are retained by the Louisiana State University Museum of Art. Copyright is retained in accordance with U. S. copyright laws.,,art,Artist,marcrelator,Art piece 98,http://www.lib.lsu.edu/sites/default/files/sc/findaid/d3827.html,36 Bit-depth,,Data/lsu-moa-cwd_197_OBJ.png,lsu-moa-cwd:collection,902,sp_large_image_cmodel,,sp_large_image_cmodel
lsu-moa-cwd:198,22,"Durieux, Caroline, 1896-1989",,Color,E-mail artmuseum@lsu.edu with questions or comments,JC,1:01,,,,68.9.173,68.9.173,image/jp2,"LSU Museum of Art, Shaw Center for the Arts, Baton Rouge, LA","Louisiana State University (Baton Rouge, La.). Museum of Art",Repository,11/14/2018,8/13/2004,19510,Physical rights are retained by the Louisiana State University Museum of Art. Copyright is retained in accordance with U. S. copyright laws.,,art,Artist,marcrelator,Art piece 99,http://www.lib.lsu.edu/sites/default/files/sc/findaid/d3827.html,36 Bit-depth,,Data/lsu-moa-cwd_198_OBJ.png,lsu-moa-cwd:collection,902,sp_large_image_cmodel,,sp_large_image_cmodel
lsu-moa-cwd:199,22,"Durieux, Caroline, 1896-1989",,Color,E-mail artmuseum@lsu.edu with questions or comments,,1:01,,,,68.9.174,68.9.174,image/jp2,"LSU Museum of Art, Shaw Center for the Arts, Baton Rouge, LA","Louisiana State University (Baton Rouge, La.). Museum of Art",Repository,11/14/2018,8/13/2004,19511,Physical rights are retained by the Louisiana State University Museum of Art. Copyright is retained in accordance with U. S. copyright laws.,,art,Artist,marcrelator,Art piece 100,http://www.lib.lsu.edu/sites/default/files/sc/findaid/d3827.html,36 Bit-depth,,Data/lsu-moa-cwd_199_OBJ.png,lsu-moa-cwd:collection,902,sp_large_image_cmodel,,sp_large_image_cmodel
